Variabel;Display_navn;Type;Kategori;Beskrivelse;Kilde;Kilde_url;Tabell;Enhet;Frekvens;Startaar;Sluttaar;Funksjon;Kommentar;Omraade;Analyse_type
KPI;KPI;Original;Priser og inflasjon;Konsumprisindeks;SSB;https://data.ssb.no/api/v0/no/table/pp/pp04/kpi/SBMENU12006/Kpi11;14711;2025=100;Ã…rlig;1865;NA;get_kpi;Historisk KPI-serie;Norge;indeks
Inflasjon;Inflasjon;Beregnet;Priser og inflasjon;Ã…rsvekst i KPI;Beregnet;NA;KPI;Prosent;Ã…rlig;1866;NA;get_kpi;Beregnet som (KPI / lag(KPI) - 1) * 100;Norge;rate
Befolkning;Befolkning;Original;Demografi;Befolkning 1. januar;SSB;https://data.ssb.no/api/v0/no/table/be/be05/folkemengde/SBMENU5580/FolkHistorie;5803;Personer;Ã…rlig;1735;NA;get_befolkning;Historisk befolkningsserie;Norge;nivå
Arbeidsstyrke;Arbeidsstyrke;Original;Arbeidsmarked;Personer i arbeidsstyrken, 15-74 Ã¥r;SSB AKU;https://data.ssb.no/api/v0/no/table/al/al03/aku/SBMENU9728/ArbStyrkAar;3780;Personer;Ã…rlig;1972;NA;get_arbeidsstyrke;Summert menn og kvinner, multiplisert med 1000;Norge;nivå
Sysselsatte;Sysselsatte;Original;Arbeidsmarked;Sysselsatte personer, 15-74 Ã¥r;SSB AKU;https://data.ssb.no/api/v0/no/table/al/al06/aku/SBMENU9726/SysselAKUAar;3781;Personer;Ã…rlig;1972;NA;get_sysselsatte;Summert menn og kvinner, multiplisert med 1000;Norge;nivå
Arbledige_NAV;Arbledige NAV;Original;Arbeidsmarked;Registrerte helt arbeidsledige;NAV;https://www.nav.no/_/attachment/download/a5aa83cd-c083-4b88-9359-1c1b3b2f936e:285ebf18c576ff0fd1537a83289401df2498cae4/Tabell%203_Helt%20ledige%20fordelt%20pa%20kjonn.Aarsgjennomsnitt.1948_2025.xls;Tabell 3;Personer;Ã…rlig;1948;2025;get_ledighet;Ã…rsgjennomsnitt. Brudd i statistikken dokumentert av NAV;Norge;nivå
Menn_arbledige_NAV;Menn arbledige NAV;Original;Arbeidsmarked;Registrerte helt arbeidsledige menn;NAV;https://www.nav.no/...;Tabell 3;Personer;Ã…rlig;1948;2025;get_ledighet;Ã…rsgjennomsnitt;Norge;nivå
Kvinner_arbledige_NAV;Kvinner arbledige NAV;Original;Arbeidsmarked;Registrerte helt arbeidsledige kvinner;NAV;https://www.nav.no/...;Tabell 3;Personer;Ã…rlig;1948;2025;get_ledighet;Ã…rsgjennomsnitt;Norge;nivå
Arbledighetsrate_NAV;Arbledighetsrate NAV;Original;Arbeidsmarked;Registrerte helt arbeidsledige i prosent av arbeidsstyrken;NAV;https://www.nav.no/...;Tabell 3;Prosent;Ã…rlig;1948;2025;get_ledighet;Ã…rsgjennomsnitt;Norge;rate
Kvinneandel_arbledige_NAV;Kvinneandel arbledige NAV;Original;Arbeidsmarked;Andel kvinner blant registrerte helt arbeidsledige;NAV;https://www.nav.no/...;Tabell 3;Prosent;Ã…rlig;1948;2025;get_ledighet;Ã…rsgjennomsnitt;Norge;rate
Styringsrente;Styringsrente;Original;Finansmarkeder;Norges Banks styringsrente;Norges Bank;https://data.norges-bank.no/api/data/IR/M.KPRA..?format=csv&lastNObservations=1200&locale=no&bom=include;IR/M.KPRA;Prosent;MÃ¥nedlig til Ã¥rsgjennomsnitt;1982;NA;get_rente;Ã…rsgjennomsnitt beregnet fra mÃ¥nedstall;Norge;rate
BNP_lopende;BNP lopende;Original;Nasjonalregnskap;Bruttonasjonalprodukt, lÃ¸pende priser;SSB;https://data.ssb.no/api/v0/no/table/nk/nk03/knr/SBMENU5140/NRbnp;NRbnp;Millioner kroner;Ã…rlig;1970;NA;get_bnp;Nominell BNP-serie;Norge;nivå
BNP_Fastland;BNP Fastland;Original;Nasjonalregnskap;BNP Fastlands-Norge, faste priser;SSB;https://data.ssb.no/api/v0/no/table/nk/nk03/knr/SBMENU5140/NRMakroHov;NRMakroHov;Millioner kroner, faste priser;Ã…rlig;1970;NA;get_bnp_fastland;Makrost = bnpb.nr23_9fn, ContentsCode = Faste;Norge;nivå
BNP_Fastland_vekst;BNP Fastland vekst;Beregnet;Nasjonalregnskap;Ã…rsvekst i BNP Fastlands-Norge;Beregnet;NA;BNP_Fastland;Prosent;Ã…rlig;1971;NA;get_bnp_fastland;Beregnet som (BNP_Fastland / lag(BNP_Fastland) - 1) * 100;Norge;rate
Lonn;Lonn;Original;LÃ¸nn og inntekt;Ã…rslÃ¸nn, pÃ¥lÃ¸pt;SSB;https://data.ssb.no/api/v0/no/table/al/al05/lonnansatt/SBMENU7201/NRArslonnSnitt;9786;1000 kroner;Ã…rlig;1970;NA;get_lonn;Gjennomsnitt for alle lÃ¸nnstakere;Norge;nivå
Lonnvekst;Lonnvekst;Original;LÃ¸nn og inntekt;Ã…rslÃ¸nn, pÃ¥lÃ¸pt. Endring fra Ã¥ret fÃ¸r;SSB;https://data.ssb.no/api/v0/no/table/al/al05/lonnansatt/SBMENU7201/NRArslonnSnitt;9786;Prosent;Ã…rlig;1971;NA;get_lonn;Direkte fra SSB-tabell;Norge;rate
Befolkningsvekst;Befolkningsvekst;Beregnet;Demografi;Ã…rlig vekst i befolkningen;Beregnet;NA;Befolkning;Prosent;Ã…rlig;1736;NA;create_derived_variables;Beregnet som (Befolkning / lag(Befolkning) - 1) * 100;Norge;rate
Reallonnsvekst;Reallonnsvekst;Beregnet;LÃ¸nn og inntekt;LÃ¸nnsvekst minus inflasjon;Beregnet;NA;Lonnvekst og Inflasjon;Prosent;Ã…rlig;1971;NA;create_derived_variables;Beregnet som Lonnvekst - Inflasjon;Norge;rate
Arbeidsstyrkeandel;Arbeidsstyrkeandel;Beregnet;Arbeidsmarked;Arbeidsstyrken som andel av befolkningen;Beregnet;NA;Arbeidsstyrke og Befolkning;Prosent;Ã…rlig;1972;NA;create_derived_variables;Beregnet som Arbeidsstyrke / Befolkning * 100;Norge;rate
Arbledige_andel_arbeidsstyrke_NAV;Arbledige andel arbeidsstyrke NAV;Beregnet;Arbeidsmarked;Registrerte arbeidsledige som andel av arbeidsstyrken;Beregnet;NA;Arbledige_NAV og Arbeidsstyrke;Prosent;Ã…rlig;1972;NA;create_derived_variables;Beregnet som Arbledige_NAV / Arbeidsstyrke * 100;Norge;rate
Boligprisindeks;Boligprisindeks;Original;Boligmarked;Prisindeks for brukte boliger, hele landet, alle boligtyper (2015=100);SSB;https://data.ssb.no/api/v0/no/table/pp/pp01/bpi/SBMENU7481/NyBoligindeks3;7230;Indeks (2015=100);Ã…rlig;1992;NA;get_boligpriser;Hele landet, alle boligtyper;Norge;indeks
Boligprisvekst;Boligprisvekst;Beregnet;Boligmarked;Ã…rlig prosentvis vekst i boligprisindeksen;Beregnet;NA;Boligprisindeks;Prosent;Ã…rlig;1993;NA;get_boligpriser;Beregnet som (Boligprisindeks / lag(Boligprisindeks) - 1) * 100;Norge;rate
Oljepris_USD;Oljepris USD;Original;Energi og rÃ¥varer;Brent Blend spotpris, Ã¥rsgjennomsnitt;FRED;https://fred.stlouisfed.org/series/DCOILBRENTEU;DCOILBRENTEU;USD per fat;Ã…rlig;1987;NA;get_oljepris;Ã…rsgjennomsnitt av daglige Brent-observasjoner;Norge;nivå
Oljeprisvekst;Oljeprisvekst;Beregnet;Energi og rÃ¥varer;Ã…rlig prosentvis vekst i Brent oljepris;Beregnet;NA;Oljepris_USD;Prosent;Ã…rlig;1988;NA;get_oljepris;Beregnet som (Oljepris_USD / lag(Oljepris_USD) - 1) * 100;Norge;rate
Valutakurs_I44;Valutakurs I44;Original;Finansmarkeder;Importveid kronekursindeks I-44;Norges Bank;https://data.norges-bank.no/api/data/EXR/A.I44.NOK.SP?format=csv&lastNObservations=100&locale=no;EXR/A.I44.NOK.SP;Indeks;Ã…rlig;1990;NA;get_valutakurs;HÃ¸yere verdi betyr svakere krone;Norge;indeks
Valutakurs_I44_vekst;Valutakurs I44 vekst;Beregnet;Finansmarkeder;Ã…rlig prosentvis vekst i importveid kronekursindeks I-44;Beregnet;NA;Valutakurs_I44;Prosent;Ã…rlig;1991;NA;get_valutakurs;Beregnet som (Valutakurs_I44 / lag(Valutakurs_I44) - 1) * 100. Positiv verdi betyr svakere krone;Norge;rate
Eksport;Eksport;Original;UtenriksÃ¸konomi;Eksport i alt, faste 2023-priser;SSB;https://data.ssb.no/api/v0/no/table/nk/nk03/knr/SBMENU5140/NRMakroHov;9189;Millioner kroner, faste 2023-priser;Ã…rlig;1970;NA;get_utenrikshandel;Makrost = eks.nrtot, ContentsCode = Faste;Norge;nivå
Import;Import;Original;UtenriksÃ¸konomi;Import i alt, faste 2023-priser;SSB;https://data.ssb.no/api/v0/no/table/nk/nk03/knr/SBMENU5140/NRMakroHov;9189;Millioner kroner, faste 2023-priser;Ã…rlig;1970;NA;get_utenrikshandel;Makrost = imp.nrtot, ContentsCode = Faste;Norge;nivå
Eksportvekst;Eksportvekst;Beregnet;UtenriksÃ¸konomi;Ã…rlig prosentvis vekst i eksport;Beregnet;NA;Eksport;Prosent;Ã…rlig;1971;NA;get_utenrikshandel;Beregnet som (Eksport / lag(Eksport) - 1) * 100;Norge;rate
Importvekst;Importvekst;Beregnet;UtenriksÃ¸konomi;Ã…rlig prosentvis vekst i import;Beregnet;NA;Import;Prosent;Ã…rlig;1971;NA;get_utenrikshandel;Beregnet som (Import / lag(Import) - 1) * 100;Norge;rate
OSEAX;OSEAX;Original;Finansmarkeder;Oslo Stock Exchange All-Share Index (Ã¥rsgjennomsnitt);Yahoo Finance;https://finance.yahoo.com/quote/%5EOSEAX/;^OSEAX;Indeks;Ã…rlig;2013;NA;get_oseax;Ã…rsgjennomsnitt av daglige observasjoner;Norge;indeks
OSEAX_vekst;OSEAX vekst;Beregnet;Finansmarkeder;Ã…rlig prosentvis vekst i OSEAX;Beregnet;NA;OSEAX;Prosent;Ã…rlig;2014;NA;get_oseax;Beregnet som (OSEAX / lag(OSEAX) - 1) * 100;Norge;rate
Strompris;Strompris;Original;Energi og rÃ¥varer;Kraft og nett i alt inklusive avgifter for husholdninger;SSB;https://data.ssb.no/api/v0/no/table/ei/ei01/elkraftpris/SBMENU4023/KraftPrisNettLeiAar;9007;Cre per kWh;Ã…rlig;2012;NA;get_strompris;Kraft og nett i alt inkl. avgifter;Norge;nivå
Stromprisvekst;Stromprisvekst;Beregnet;Energi og rÃ¥varer;Ã…rlig prosentvis vekst i strÃ¸mpris;Beregnet;NA;Strompris;Prosent;Ã…rlig;2013;NA;get_strompris;Beregnet som (Strompris / lag(Strompris) - 1) * 100;Norge;rate
Offentlig_gjeld;Offentlig gjeld;Original;Offentlige finanser;Offentlig forvaltnings gjeld i alt;SSB;https://data.ssb.no/api/v0/no/table/os/os04/offogjeld/SBMENU5263/FinansUnder;7511;Millioner kroner;Ã…rlig;1995;NA;get_offentlig_finans;Sektor = Offentlig forvaltning, FinansObjekt = GJELD I ALT;Norge;nivå
Offentlig_nettofordringer;Offentlig nettofordringer;Original;Offentlige finanser;Offentlig forvaltnings nettofordringer;SSB;https://data.ssb.no/api/v0/no/table/os/os04/offogjeld/SBMENU5263/FinansUnder;7511;Millioner kroner;Ã…rlig;1995;NA;get_offentlig_finans;Sektor = Offentlig forvaltning, FinansObjekt = Nettofordringer;Norge;nivå
Offentlig_gjeld_andel_BNP;Offentlig gjeld andel BNP;Beregnet;Offentlige finanser;Offentlig gjeld som andel av BNP;Beregnet;NA;Offentlig_gjeld og BNP_lopende;Prosent;Ã…rlig;1995;NA;create_derived_variables;Beregnet som Offentlig_gjeld / BNP_lopende * 100;Norge;rate
Offentlig_nettofordringer_andel_BNP;Offentlig nettofordringer andel BNP;Beregnet;Offentlige finanser;Offentlige nettofordringer som andel av BNP;Beregnet;NA;Offentlig_nettofordringer og BNP_lopende;Prosent;Ã…rlig;1995;NA;create_derived_variables;Beregnet som Offentlig_nettofordringer / BNP_lopende * 100;Norge;rate
Offentlige_utgifter;Offentlige utgifter;Original;Offentlige finanser;Offentlig forvaltnings totale utgifter;SSB;https://data.ssb.no/api/v0/no/table/os/os02/offinnut/SBMENU4642/OffInnUt21;14668;Millioner kroner;Ã…rlig;1995;NA;get_offentlige_utgifter;Art = Totale utgifter (B+D), Sektor = Offentlig forvaltning;Norge;nivå
Statlige_utgifter;Statlige utgifter;Original;Offentlige finanser;Statsforvaltningens totale utgifter;SSB;https://data.ssb.no/api/v0/no/table/os/os02/offinnut/SBMENU4642/OffInnUt21;14668;Millioner kroner;Ã…rlig;1995;NA;get_offentlige_utgifter;Art = Totale utgifter (B+D), Sektor = Statsforvaltningen;Norge;nivå
Kommunale_utgifter;Kommunale utgifter;Original;Offentlige finanser;Kommuneforvaltningens totale utgifter;SSB;https://data.ssb.no/api/v0/no/table/os/os02/offinnut/SBMENU4642/OffInnUt21;14668;Millioner kroner;Ã…rlig;1995;NA;get_offentlige_utgifter;Art = Totale utgifter (B+D), Sektor = Kommuneforvaltningen;Norge;nivå
Kommunal_utgiftsandel;Kommunal utgiftsandel;Beregnet;Offentlige finanser;Kommunale utgifter som andel av offentlige utgifter;Beregnet;NA;Kommunale_utgifter og Offentlige_utgifter;Prosent;Ã…rlig;1995;NA;create_derived_variables;Beregnet som Kommunale_utgifter / Offentlige_utgifter * 100;Norge;rate
Statlig_utgiftsandel;Statlig utgiftsandel;Beregnet;Offentlige finanser;Statlige utgifter som andel av offentlige utgifter;Beregnet;NA;Statlige_utgifter og Offentlige_utgifter;Prosent;Ã…rlig;1995;NA;create_derived_variables;Beregnet som Statlige_utgifter / Offentlige_utgifter * 100;Norge;rate
Kreditt_K2;Kreditt K2;Original;Kreditt og husholdninger;Innenlandsk lÃ¥negjeld til publikum, Ã¥rsgjennomsnitt;SSB;https://data.ssb.no/api/v0/no/table/bf/bf02/kredind/InnLandGjeldNY;6718;Millioner kroner;Ã…rlig;1987;NA;get_kreditt;Valuta = I alt, lÃ¥ntakersektor = Publikum, kredittkilde = alle lÃ¥ngivere. Ã…rsgjennomsnitt av mÃ¥nedstall;Norge;nivå
Kredittvekst_K2;Kredittvekst K2;Beregnet;Kreditt og husholdninger;Ã…rlig prosentvis vekst i innenlandsk lÃ¥negjeld til publikum;Beregnet;NA;Kreditt_K2;Prosent;Ã…rlig;1988;NA;get_kreditt;Beregnet som (Kreditt_K2 / lag(Kreditt_K2) - 1) * 100;Norge;rate
Boliginvesteringer;Boliginvesteringer;Original;Boligmarked;Boliginvesteringer i husholdninger, faste 2023-priser;SSB;https://data.ssb.no/api/v0/no/table/nk/nk03/knr/SBMENU5140/NRMakroHov;9189;Millioner kroner (2023-priser);Ã…rlig;1970;NA;get_boliginvesteringer;Boliger (husholdninger), bruttoinvestering i fast realkapital;Norge;nivå
Boliginvesteringer_vekst;Boliginvesteringer vekst;Beregnet;Boligmarked;Ã…rlig vekst i boliginvesteringer;Beregnet;NA;Boliginvesteringer;Prosent;Ã…rlig;1971;NA;get_boliginvesteringer;Beregnet som (Boliginvesteringer / lag(Boliginvesteringer) - 1) * 100;Norge;rate
Boliginvesteringer_andel_BNP;Boliginvesteringer andel BNP;Beregnet;Boligmarked;Boliginvesteringer som andel av BNP Fastlands-Norge;Beregnet;NA;Boliginvesteringer og BNP_Fastland;Prosent;Ã…rlig;1970;NA;create_derived_variables;Beregnet som Boliginvesteringer / BNP_Fastland * 100;Norge;rate
Husholdningsgjeldsrate;Husholdningsgjeldsrate;Original;Kreditt og husholdninger;Husholdningenes gjeldsrate;SSB;https://data.ssb.no/api/v0/no/table/nk/nk01/finsek/div_finsek_mappe/FinansSektReg9;9477;Prosent;Ã…rlig;1996;NA;get_husholdningsgjeld;Ujustert. Ã…rsgjennomsnitt av kvartalstall;Norge;rate
Husholdningsfordringsrate;Husholdningsfordringsrate;Original;Kreditt og husholdninger;Husholdningenes fordringsrate;SSB;https://data.ssb.no/api/v0/no/table/nk/nk01/finsek/div_finsek_mappe/FinansSektReg9;9477;Prosent;Ã…rlig;1996;NA;get_husholdningsgjeld;Ujustert. Ã…rsgjennomsnitt av kvartalstall;Norge;rate
Husholdningsnettofordringsrate;Husholdningsnettofordringsrate;Original;Kreditt og husholdninger;Husholdningenes nettofordringsrate;SSB;https://data.ssb.no/api/v0/no/table/nk/nk01/finsek/div_finsek_mappe/FinansSektReg9;9477;Prosent;Ã…rlig;1996;NA;get_husholdningsgjeld;Ujustert. Ã…rsgjennomsnitt av kvartalstall;Norge;rate
Husholdningsgjeldsvekst;Husholdningsgjeldsvekst;Original;Kreditt og husholdninger;Husholdningenes gjeldsvekst;SSB;https://data.ssb.no/api/v0/no/table/nk/nk01/finsek/div_finsek_mappe/FinansSektReg9;9477;Prosent;Ã…rlig;1996;NA;get_husholdningsgjeld;Ujustert. Ã…rsgjennomsnitt av kvartalstall;Norge;rate
BNP_Fastland_per_innbygger;BNP Fastland per innbygger;Beregnet;Nasjonalregnskap;BNP Fastlands-Norge per innbygger;Beregnet;NA;BNP_Fastland og Befolkning;1000 kroner per innbygger;Ã…rlig;1970;NA;create_derived_variables;Beregnet som BNP_Fastland / Befolkning;Norge;nivå
BNP_Fastland_per_innbygger_vekst;BNP Fastland per innbygger vekst;Beregnet;Nasjonalregnskap;Ã…rlig vekst i BNP Fastlands-Norge per innbygger;Beregnet;NA;BNP_Fastland_per_innbygger;Prosent;Ã…rlig;1971;NA;create_derived_variables;Beregnet som (BNP_Fastland_per_innbygger / lag(BNP_Fastland_per_innbygger) - 1) * 100;Norge;rate
BNP_lopende_per_innbygger;BNP lopende per innbygger;Beregnet;Nasjonalregnskap;BNP i lÃ¸pende priser per innbygger;Beregnet;NA;BNP_lopende og Befolkning;1000 kroner per innbygger;Ã…rlig;1970;NA;create_derived_variables;Beregnet som BNP_lopende / Befolkning;Norge;nivå
Arbeidsproduktivitet;Arbeidsproduktivitet;Beregnet;Nasjonalregnskap;BNP Fastlands-Norge per sysselsatt;Beregnet;NA;BNP_Fastland og Sysselsatte;Millioner kroner per sysselsatt;Ã…rlig;1972;NA;create_derived_variables;Beregnet som BNP_Fastland / Sysselsatte;Norge;nivå
Produktivitetsvekst;Produktivitetsvekst;Beregnet;Nasjonalregnskap;Ã…rlig vekst i arbeidsproduktivitet;Beregnet;NA;Arbeidsproduktivitet;Prosent;Ã…rlig;1973;NA;create_derived_variables;Beregnet som (Arbeidsproduktivitet / lag(Arbeidsproduktivitet) - 1) * 100;Norge;rate
Offentlige_investeringer;Offentlige investeringer;Original;Offentlige finanser;Bruttoinvesteringer i offentlig forvaltning;SSB;https://data.ssb.no/api/v0/no/table/nk/nk03/knr/SBMENU5140/NRMakroHov;Makrost=bif.nr83_6;Millioner kroner (faste 2023-priser);Ã…rlig;1970;2025;get_offentlige_investeringer;Bruttoinvesteringer i offentlig forvaltning i faste 2023-priser;Norge;nivå
Offentlige_investeringer_vekst;Offentlige investeringer vekst;Beregnet;Offentlige finanser;Ã…rlig vekst i offentlige investeringer;Beregnet;NA;Offentlige_investeringer;Prosent;Ã…rlig;1971;NA;get_offentlige_investeringer;Beregnet som (Offentlige_investeringer / lag(Offentlige_investeringer) - 1) * 100;Norge;rate
Offentlige_investeringer_andel_BNP;Offentlige investeringer andel BNP;Beregnet;Offentlige finanser;Offentlige investeringer som andel av BNP Fastlands-Norge;Beregnet;NA;Offentlige_investeringer og BNP_Fastland;Prosent;Ã…rlig;1970;NA;create_derived_variables;Beregnet som Offentlige_investeringer / BNP_Fastland * 100;Norge;rate
Privat_konsum;Privat konsum;Original;HusholdningsÃ¸konomi;Konsum i husholdninger, faste 2023-priser;SSB;https://data.ssb.no/api/v0/no/table/nk/nk03/knr/SBMENU5140/NRMakroHov;9189;Millioner kroner, faste 2023-priser;Ã…rlig;1970;NA;get_konsum;Makrost = koh.nr61_, ContentsCode = Faste;Norge;nivå
Offentlig_konsum;Offentlig konsum;Original;Offentlige finanser;Konsum i offentlig forvaltning, faste 2023-priser;SSB;https://data.ssb.no/api/v0/no/table/nk/nk03/knr/SBMENU5140/NRMakroHov;9189;Millioner kroner, faste 2023-priser;Ã…rlig;1970;NA;get_konsum;Makrost = koo.nroff, ContentsCode = Faste;Norge;nivå
Privat_konsum_vekst;Privat konsum vekst;Beregnet;HusholdningsÃ¸konomi;Ã…rlig prosentvis vekst i privat konsum;Beregnet;NA;Privat_konsum;Prosent;Ã…rlig;1971;NA;get_konsum;Beregnet som (Privat_konsum / lag(Privat_konsum) - 1) * 100;Norge;rate
Offentlig_konsum_vekst;Offentlig konsum vekst;Beregnet;Offentlige finanser;Ã…rlig prosentvis vekst i offentlig konsum;Beregnet;NA;Offentlig_konsum;Prosent;Ã…rlig;1971;NA;get_konsum;Beregnet som (Offentlig_konsum / lag(Offentlig_konsum) - 1) * 100;Norge;rate
Privat_konsum_andel_BNP;Privat konsum andel BNP;Beregnet;HusholdningsÃ¸konomi;Privat konsum som andel av BNP Fastlands-Norge;Beregnet;NA;Privat_konsum og BNP_Fastland;Prosent;Ã…rlig;1970;NA;create_derived_variables;Beregnet som Privat_konsum / BNP_Fastland * 100;Norge;rate
Offentlig_konsum_andel_BNP;Offentlig konsum andel BNP;Beregnet;Offentlige finanser;Offentlig konsum som andel av BNP Fastlands-Norge;Beregnet;NA;Offentlig_konsum og BNP_Fastland;Prosent;Ã…rlig;1970;NA;create_derived_variables;Beregnet som Offentlig_konsum / BNP_Fastland * 100;Norge;rate
Disponibel_inntekt_husholdninger;Disponibel inntekt husholdninger;Original;LÃ¸nn og inntekt;Husholdningenes disponible inntekt;SSB;https://data.ssb.no/api/v0/no/table/nk/nk03/knri/NRI;10799;Millioner kroner, lÃ¸pende priser;Ã…rlig;1978;NA;get_disponibel_inntekt;Sektor = Husholdninger, Transaksjon = Disponibel inntekt;Norge;nivå
Husholdningssparing;Husholdningssparing;Original;HusholdningsÃ¸konomi;Husholdningenes sparing;SSB;https://data.ssb.no/api/v0/no/table/nk/nk03/knri/NRI;10799;Millioner kroner, lÃ¸pende priser;Ã…rlig;1978;NA;get_sparing;Sektor = Husholdninger, Transaksjon = Sparing;Norge;nivå
Husholdningssparing_vekst;Husholdningssparing vekst;Beregnet;HusholdningsÃ¸konomi;Ã…rlig prosentvis vekst i husholdningenes sparing;Beregnet;NA;Husholdningssparing;Prosent;Ã…rlig;1979;NA;get_sparing;Beregnet som (Husholdningssparing / lag(Husholdningssparing) - 1) * 100;Norge;rate
Husholdningssparing_andel_disponibel_inntekt;Husholdningssparing andel disponibel inntekt;Beregnet;HusholdningsÃ¸konomi;Husholdningenes sparing som andel av disponibel inntekt;Beregnet;NA;Husholdningssparing og Disponibel_inntekt_husholdninger;Prosent;Ã…rlig;1978;NA;create_derived_variables;Beregnet som Husholdningssparing / Disponibel_inntekt_husholdninger * 100;Norge;rate
Handelsbalanse;Handelsbalanse;Beregnet;UtenriksÃ¸konomi;Eksport minus import, faste 2023-priser;Beregnet;NA;Eksport og Import;Millioner kroner, faste 2023-priser;Ã…rlig;1970;NA;create_derived_variables;Beregnet som Eksport - Import;Norge;nivå
Handelsbalanse_andel_BNP;Handelsbalanse andel BNP;Beregnet;UtenriksÃ¸konomi;Handelsbalanse som andel av BNP Fastlands-Norge;Beregnet;NA;Handelsbalanse og BNP_Fastland;Prosent;Ã…rlig;1970;NA;create_derived_variables;Beregnet som Handelsbalanse / BNP_Fastland * 100;Norge;rate
Eksportandel_BNP;Eksportandel BNP;Beregnet;UtenriksÃ¸konomi;Eksport som andel av BNP Fastlands-Norge;Beregnet;NA;Eksport og BNP_Fastland;Prosent;Ã…rlig;1970;NA;create_derived_variables;Beregnet som Eksport / BNP_Fastland * 100;Norge;rate
Importandel_BNP;Importandel BNP;Beregnet;UtenriksÃ¸konomi;Import som andel av BNP Fastlands-Norge;Beregnet;NA;Import og BNP_Fastland;Prosent;Ã…rlig;1970;NA;create_derived_variables;Beregnet som Import / BNP_Fastland * 100;Norge;rate
Fastlandsinvesteringer;Fastlandsinvesteringer;Original;Nasjonalregnskap;Bruttoinvestering i fast realkapital i Fastlands-Norge, faste 2023-priser;SSB;https://www.ssb.no/statbank/table/09181;NRInvestKapital;Millioner kroner, faste 2023-priser;Ã…rlig;1970;NA;get_fastlandsinvesteringer;NACE = nr23_6fn, ContentsCode = BIF2;Norge;nivå
Fastlandsinvesteringer_vekst;Fastlandsinvesteringer vekst;Beregnet;Nasjonalregnskap;Ã…rlig prosentvis vekst i fastlandsinvesteringer;Beregnet;NA;Fastlandsinvesteringer;Prosent;Ã…rlig;1971;NA;get_fastlandsinvesteringer;Beregnet fra Fastlandsinvesteringer;Norge;rate
Fastlandsinvesteringer_andel_BNP;Fastlandsinvesteringer andel BNP;Beregnet;Nasjonalregnskap;Fastlandsinvesteringer som andel av BNP Fastlands-Norge;Beregnet;NA;BNP_Fastland;Prosent;Ã…rlig;1970;NA;create_derived_variables;Fastlandsinvesteringer / BNP_Fastland * 100;Norge;rate
Industriproduksjon;Industriproduksjon;Original;Produksjon og aktivitet;Produksjonsindeks for industrien (2021=100);SSB;https://data.ssb.no/api/v0/no/table/08297;8297;Indeks (2021=100);Ã…rlig;1990;NA;get_industriproduksjon;PKoder = P105, ContentsCode = ProdInd;Norge;indeks
Industriproduksjon_vekst;Industriproduksjon vekst;Beregnet;Produksjon og aktivitet;Ã…rlig prosentvis vekst i industriproduksjonen;Beregnet;NA;Industriproduksjon;Prosent;Ã…rlig;1991;NA;get_industriproduksjon;Beregnet som (Industriproduksjon / lag(Industriproduksjon) - 1) * 100;Norge;rate
Byggeaktivitet;Byggeaktivitet;Original;Produksjon og aktivitet;Produksjonsindeks for bygge- og anleggsvirksomhet (2021=100);SSB;https://data.ssb.no/api/v0/no/table/13431;13431;Indeks (2021=100);Ã…rlig;2005;NA;get_byggeaktivitet;NACE = F, ContentsCode = Produksjonsindeks;Norge;indeks
Byggeaktivitet_vekst;Byggeaktivitet vekst;Beregnet;Produksjon og aktivitet;Ã…rlig prosentvis vekst i bygge- og anleggsaktiviteten;Beregnet;NA;Byggeaktivitet;Prosent;Ã…rlig;2006;NA;get_byggeaktivitet;Beregnet som (Byggeaktivitet / lag(Byggeaktivitet) - 1) * 100;Norge;rate
Detaljhandel;Detaljhandel;Original;Produksjon og aktivitet;Volumindeks for detaljhandel, unntatt salg av motorvogner (2021=100);SSB;https://data.ssb.no/api/v0/no/table/09296;9296;Indeks (2021=100);Ã…rlig;2000;NA;get_detaljhandel;NACE2007 = 47, ContentsCode = VolumUjustert;Norge;indeks
Detaljhandel_vekst;Detaljhandel vekst;Beregnet;Produksjon og aktivitet;Ã…rlig prosentvis vekst i detaljhandelens volum;Beregnet;NA;Detaljhandel;Prosent;Ã…rlig;2001;NA;get_detaljhandel;Beregnet som (Detaljhandel / lag(Detaljhandel) - 1) * 100;Norge;rate
Kapasitetsutnytting;Kapasitetsutnytting;Original;Konjunkturindikatorer;Kapasasitetsutnyttingsgrad i industrien, veid gjennomsnitt;SSB;https://data.ssb.no/api/v0/no/table/nk/nk02/kbar/KBarAvledIndik;8267;Prosent;Ã…rlig;1990;NA;get_kapasitetsutnytting;Ã…rsgjennomsnitt av sesongjusterte kvartalsdata. PKoder = P105, ContentsCode = Kapasitetsutnyt;Norge;rate
Konjunkturindikator;Konjunkturindikator;Original;Konjunkturindikatorer;Sammensatt konjunkturindikator for industrien;SSB;https://data.ssb.no/api/v0/no/table/08267;8267;Indeks;Ã…rlig;1990;NA;get_konjunkturindikator;Ã…rsgjennomsnitt av sesongjusterte kvartalsdata. PKoder = P105, ContentsCode = SammensattKonj;Norge;indeks
Ressursknapphet;Ressursknapphet;Original;Konjunkturindikatorer;Indikator pÃ¥ ressursknapphet i industrien;SSB;https://data.ssb.no/api/v0/no/table/08267;8267;Indeks;Ã…rlig;1990;NA;get_ressursknapphet;Ã…rsgjennomsnitt av sesongjusterte kvartalsdata. PKoder = P105, ContentsCode = RessursKnapphet;Norge;indeks
Ordrebeholdning;Ordrebeholdning;Original;Konjunkturindikatorer;Antall arbeidsmÃ¥neder dekket ved ordrebeholdningen i industrien, veid gjennomsnitt;SSB;https://data.ssb.no/api/v0/no/table/08267;8267;Antall mÃ¥neder;Ã…rlig;1990;NA;get_ordrebeholdning;Ã…rsgjennomsnitt av sesongjusterte kvartalsdata. PKoder = P105, ContentsCode = AntArbeidMnd;Norge;nivå
Pengemarkedsrente_3mnd;Pengemarkedsrente 3mnd;Original;Finansmarkeder;3-mÃ¥neders NIBOR, Ã¥rsgjennomsnitt;SSB;https://data.ssb.no/api/v0/no/table/10701;10701;Prosent;Ã…rlig;2013;NA;get_pengemarkedsrente;Ã…rsgjennomsnitt av mÃ¥nedlige data. RenterNbNibor = 01, ContentsCode = Renter;Norge;rate
Statsrente_10aar;Statsrente 10aar;Original;Finansmarkeder;10-Ã¥rig norsk statsobligasjonsrente;Norges Bank;https://data.norges-bank.no/api/data/GOVT_GENERIC_RATES/A.10Y.GBON.?format=csv&lastNObservations=100&locale=no&bom=include;GOVT_GENERIC_RATES;Prosent;Ã…rlig;NA;NA;get_statsrente;Serie: A.10Y.GBON;Norge;rate
Rentekurve;Rentekurve;Beregnet;Finansmarkeder;Differanse mellom 10-Ã¥rig statsrente og styringsrente;Beregnet;NA;Statsrente_10aar og Styringsrente;Prosentpoeng;Ã…rlig;NA;NA;create_derived_variables;Beregnet som Statsrente_10aar - Styringsrente;Norge;rate
Tjenesteproduksjon;Tjenesteproduksjon;Original;Produksjon og aktivitet;Kalenderjustert produksjonsindeks for markedsrettede tjenester;SSB;https://data.ssb.no/api/v0/no/table/14471;14471;Indeks (2021=100);Ã…rlig;2019;NA;get_tjenesteproduksjon;Ã…rsgjennomsnitt av mÃ¥nedlige kalenderjusterte data. NACE = H-J+M-N, ContentsCode = ProdIndKalJus;Norge;indeks
Tjenesteproduksjon_vekst;Tjenesteproduksjon vekst;Beregnet;Produksjon og aktivitet;Ã…rlig prosentvis vekst i tjenesteproduksjon;Beregnet;NA;Tjenesteproduksjon;Prosent;Ã…rlig;2020;NA;get_tjenesteproduksjon;Beregnet fra Tjenesteproduksjon;Norge;rate
HICP;Harmonisert konsumprisindeks;Original;Priser og inflasjon;Harmonisert konsumprisindeks for alle varer og tjenester.;Eurostat;https://ec.europa.eu/eurostat/databrowser/view/prc_hicp_aind/default/table?lang=en;prc_hicp_aind;Indeks (2015=100);Årlig;1996;2025;get_hicp;HICP, totalindeks. unit = INX_A_AVG, coicop = CP00.;Internasjonal;indeks
Befolkning;Befolkning;Original;Demografi;Befolkning 1. januar;Eurostat;https://ec.europa.eu/eurostat/databrowser/view/demo_pjan/default/table?lang=en;demo_pjan;Personer;Årlig;1960;2025;get_population;Befolkning 1. januar. sex = T, age = TOTAL.;Internasjonal;nivå
Arbeidsledighetsrate;Arbeidsledighetsrate;Original;Arbeidsmarked;Arbeidsledige som andel av arbeidsstyrken, 15–74 år.;Eurostat;https://ec.europa.eu/eurostat/databrowser/view/une_rt_a/default/table?lang=en;une_rt_a;Prosent;Årlig;2003;2025;get_unemployment;Arbeidsledige som andel av arbeidsstyrken. sex = T, age = Y15-74, unit = PC_ACT.;Internasjonal;rate
BNP_lopende;BNP_lopende;Original;Nasjonalregnskap;Bruttonasjonalprodukt, løpende priser;Eurostat;https://ec.europa.eu/eurostat/databrowser/view/nama_10_gdp/default/table?lang=en;nama_10_gdp;Millioner euro, lxpende priser;Årlig;1975;2025;get_gdp;BNP i lxpende priser. unit = CP_MEUR, na_item = B1G.;Internasjonal;nivå
BNP_faste_priser;BNP faste priser;Original;Nasjonalregnskap;Bruttonasjonalprodukt i kjedevolum med referanseer 2020.;Eurostat;https://ec.europa.eu/eurostat/databrowser/view/nama_10_gdp/default/table?lang=en;nama_10_gdp;Millioner euro, kjedevolum med referanseer 2020;Årlig;1975;2025;get_gdp_constant;BNP i faste priser. unit = CLV20_MEUR, na_item = B1G.;Internasjonal;nivå
Industriproduksjon;Industriproduksjon;Original;Produksjon og aktivitet;Produksjonsindeks for industrien (2021=100);Eurostat;https://ec.europa.eu/eurostat/databrowser/view/sts_inpr_a/default/table?lang=en;sts_inpr_a;Indeks (2015=100);Årlig;1990;2023;get_industrial_production;Industriproduksjon, kalenderjustert. indic_bt = PRD, nace_r2 = C, s_adj = CA, unit = I15.;Internasjonal;indeks
Sysselsatte;Sysselsatte;Original;Arbeidsmarked;Sysselsatte personer, 15-74 år;Eurostat;https://ec.europa.eu/eurostat/databrowser/view/nama_10_pe/default/table?lang=en;nama_10_pe;Personer;Årlig;1975;2025;get_employment;Sysselsetting etter innenlandsk konsept. unit = THS_PER, na_item = EMP_DC. Multiplisert med 1000.;Internasjonal;nivå
Arbeidsstyrke;Arbeidsstyrke;Original;Arbeidsmarked;Personer i arbeidsstyrken, 15-74 år;Eurostat;https://ec.europa.eu/eurostat/databrowser/view/lfsi_emp_a/default/table?lang=en;lfsi_emp_a;Personer;Årlig;2003;2025;get_labour_force;Arbeidsstyrke 15-64 er. indic_em = ACT, sex = T, age = Y15-64, unit = THS_PER. Multiplisert med 1000.;Internasjonal;nivå
Offentlig_gjeld_andel_BNP;Offentlig_gjeld_andel_BNP;Beregnet;Offentlige finanser;Offentlig gjeld som andel av BNP;Eurostat;https://ec.europa.eu/eurostat/databrowser/view/gov_10dd_edpt1/default/table?lang=en;gov_10dd_edpt1;Prosent av BNP;Årlig;1995;2025;get_government_debt;Offentlig bruttogjeld etter Maastricht-definisjonen. unit = PC_GDP, sector = S13, na_item = GD.;Internasjonal;rate
Boligprisindeks;Boligprisindeks;Original;Boligmarked;Prisindeks for brukte boliger, hele landet, alle boligtyper (2015=100);Eurostat;https://ec.europa.eu/eurostat/databrowser/view/prc_hpi_a/default/table?lang=en;prc_hpi_a;Indeks (2015=100);Årlig;2005;2025;get_house_price_index;Samlet boligprisindeks. purchase = TOTAL, unit = I15_A_AVG.;Internasjonal;indeks
Detaljhandel;Detaljhandel;Original;Produksjon og aktivitet;Volumindeks for detaljhandel, unntatt salg av motorvogner (2021=100);Eurostat;https://ec.europa.eu/eurostat/databrowser/view/sts_trtu_a/default/table?lang=en;sts_trtu_a;Indeks (2015=100);Årlig;1991;2023;get_retail_trade;Salgsvolum i detaljhandel. indic_bt = VOL_SLS, nace_r2 = G47, s_adj = CA, unit = I15.;Internasjonal;indeks
Eksport;Eksport;Original;Utenriksøkonomi;Eksport i alt, faste 2023-priser;Eurostat;https://ec.europa.eu/eurostat/databrowser/view/nama_10_gdp/default/table?lang=en;nama_10_gdp;Millioner euro, kjedevolum med referanseer 2020;Årlig;1975;2025;get_exports;Eksport av varer og tjenester. unit = CLV20_MEUR, na_item = P6.;Internasjonal;nivå
Import;Import;Original;Utenriksøkonomi;Import i alt, faste 2023-priser;Eurostat;https://ec.europa.eu/eurostat/databrowser/view/nama_10_gdp/default/table?lang=en;nama_10_gdp;Millioner euro, kjedevolum med referanseer 2020;Årlig;1975;2025;get_imports;Import av varer og tjenester. unit = CLV20_MEUR, na_item = P7.;Internasjonal;nivå
Privat_konsum;Privat_konsum;Original;Husholdningsøkonomi;Konsum i husholdninger, faste 2023-priser;Eurostat;https://ec.europa.eu/eurostat/databrowser/view/nama_10_gdp/default/table?lang=en;nama_10_gdp;Millioner euro, kjedevolum med referanseer 2020;Årlig;1975;2025;get_private_consumption;Konsum i husholdninger og ideelle organisasjoner. unit = CLV20_MEUR, na_item = P31_S14_S15.;Internasjonal;nivå
Offentlig_konsum;Offentlig_konsum;Original;Offentlige finanser;Konsum i offentlig forvaltning, faste 2023-priser;Eurostat;https://ec.europa.eu/eurostat/databrowser/view/nama_10_gdp/default/table?lang=en;nama_10_gdp;Millioner euro, kjedevolum med referanseer 2020;Årlig;1975;2025;get_public_consumption;Konsum i offentlig forvaltning. unit = CLV20_MEUR, na_item = P3_S13.;Internasjonal;nivå
Investeringer;Investeringer;Original;Nasjonalregnskap;Bruttoinvesteringer i fast realkapital i kjedevolum.;Eurostat;https://ec.europa.eu/eurostat/databrowser/view/nama_10_gdp/default/table?lang=en;nama_10_gdp;Millioner euro, kjedevolum med referanseer 2020;Årlig;1975;2025;get_investment;Bruttoinvesteringer i fast realkapital. unit = CLV20_MEUR, na_item = P51G.;Internasjonal;nivå
Statsrente_10aar;Statsrente_10aar;Original;Finansmarkeder;10-årig norsk statsobligasjonsrente;Eurostat;https://ec.europa.eu/eurostat/databrowser/view/irt_lt_mcby_a/default/table?lang=en;irt_lt_mcby_a;Prosent;Årlig;1967;2025;get_long_interest_rate;Erlig Maastricht-kriterierente for langsiktige statsobligasjoner.;Internasjonal;rate
Inflasjon;Inflasjon;Beregnet;Priser og inflasjon;Årsvekst i KPI;Beregnet;NA;HICP;Prosent;Årlig;1997;2025;create_international_derived_variables;Beregnet med growth_rate(HICP, Aar).;Internasjonal;rate
Befolkningsvekst;Befolkningsvekst;Beregnet;Demografi;Årlig vekst i befolkningen;Beregnet;NA;Befolkning;Prosent;Årlig;1961;2025;create_international_derived_variables;Beregnet med growth_rate(Befolkning, Aar).;Internasjonal;rate
BNP_lopende_per_innbygger;BNP_lopende_per_innbygger;Beregnet;Nasjonalregnskap;BNP i løpende priser per innbygger;Beregnet;NA;BNP_lopende og Befolkning;Euro per innbygger;Årlig;1975;2025;create_international_derived_variables;Beregnet som BNP_lopende * 1e6 / Befolkning.;Internasjonal;nivå
BNP_vekst;BNP vekst;Beregnet;Nasjonalregnskap;Erlig prosentvis vekst i BNP i faste priser.;Beregnet;NA;BNP_faste_priser;Prosent;Årlig;1976;2025;create_international_derived_variables;Beregnet med growth_rate(BNP_faste_priser, Aar).;Internasjonal;rate
Industriproduksjon_vekst;Industriproduksjon_vekst;Beregnet;Produksjon og aktivitet;Årlig prosentvis vekst i industriproduksjonen;Beregnet;NA;Industriproduksjon;Prosent;Årlig;1991;2023;create_international_derived_variables;Beregnet med growth_rate(Industriproduksjon, Aar).;Internasjonal;rate
Sysselsettingsandel;Sysselsettingsandel;Beregnet;Arbeidsmarked;Sysselsatte som andel av befolkningen.;Beregnet;NA;Sysselsatte og Befolkning;Prosent;Årlig;1975;2025;create_international_derived_variables;Beregnet som Sysselsatte / Befolkning * 100.;Internasjonal;rate
Arbeidsproduktivitet;Arbeidsproduktivitet;Beregnet;Nasjonalregnskap;BNP Fastlands-Norge per sysselsatt;Beregnet;NA;BNP_faste_priser og Sysselsatte;Euro per sysselsatt;Årlig;1975;2025;create_international_derived_variables;Beregnet som BNP_faste_priser * 1e6 / Sysselsatte.;Internasjonal;nivå
Produktivitetsvekst;Produktivitetsvekst;Beregnet;Nasjonalregnskap;Årlig vekst i arbeidsproduktivitet;Beregnet;NA;Arbeidsproduktivitet;Prosent;Årlig;1976;2025;create_international_derived_variables;Beregnet med growth_rate(Arbeidsproduktivitet, Aar).;Internasjonal;rate
Arbeidsstyrkeandel;Arbeidsstyrkeandel;Beregnet;Arbeidsmarked;Arbeidsstyrken som andel av befolkningen;Beregnet;NA;Arbeidsstyrke og Befolkning;Prosent;Årlig;2003;2025;create_international_derived_variables;Beregnet som Arbeidsstyrke / Befolkning * 100.;Internasjonal;rate
Boligprisvekst;Boligprisvekst;Beregnet;Boligmarked;Årlig prosentvis vekst i boligprisindeksen;Beregnet;NA;Boligprisindeks;Prosent;Årlig;2006;2025;create_international_derived_variables;Beregnet med growth_rate(Boligprisindeks, Aar).;Internasjonal;rate
Detaljhandel_vekst;Detaljhandel_vekst;Beregnet;Produksjon og aktivitet;Årlig prosentvis vekst i detaljhandelens volum;Beregnet;NA;Detaljhandel;Prosent;Årlig;1992;2023;create_international_derived_variables;Beregnet med growth_rate(Detaljhandel, Aar).;Internasjonal;rate
Handelsbalanse;Handelsbalanse;Beregnet;Utenriksøkonomi;Eksport minus import, faste 2023-priser;Beregnet;NA;Eksport og Import;Millioner euro, kjedevolum med referanseer 2020;Årlig;1975;2025;create_international_derived_variables;Beregnet som Eksport - Import.;Internasjonal;nivå
Eksportandel_BNP;Eksportandel_BNP;Beregnet;Utenriksøkonomi;Eksport som andel av BNP Fastlands-Norge;Beregnet;NA;Eksport og BNP_faste_priser;Prosent;Årlig;1975;2025;create_international_derived_variables;Beregnet som Eksport / BNP_faste_priser * 100.;Internasjonal;rate
Importandel_BNP;Importandel_BNP;Beregnet;Utenriksøkonomi;Import som andel av BNP Fastlands-Norge;Beregnet;NA;Import og BNP_faste_priser;Prosent;Årlig;1975;2025;create_international_derived_variables;Beregnet som Import / BNP_faste_priser * 100.;Internasjonal;rate
Handelsbalanse_andel_BNP;Handelsbalanse_andel_BNP;Beregnet;Utenriksøkonomi;Handelsbalanse som andel av BNP Fastlands-Norge;Beregnet;NA;Handelsbalanse og BNP_faste_priser;Prosent;Årlig;1975;2025;create_international_derived_variables;Beregnet som Handelsbalanse / BNP_faste_priser * 100.;Internasjonal;rate
Privat_konsum_vekst;Privat_konsum_vekst;Beregnet;Husholdningsøkonomi;Årlig prosentvis vekst i privat konsum;Beregnet;NA;Privat_konsum;Prosent;Årlig;1976;2025;create_international_derived_variables;Beregnet med growth_rate(Privat_konsum, Aar).;Internasjonal;rate
Offentlig_konsum_vekst;Offentlig_konsum_vekst;Beregnet;Offentlige finanser;Årlig prosentvis vekst i offentlig konsum;Beregnet;NA;Offentlig_konsum;Prosent;Årlig;1976;2025;create_international_derived_variables;Beregnet med growth_rate(Offentlig_konsum, Aar).;Internasjonal;rate
Privat_konsum_andel_BNP;Privat_konsum_andel_BNP;Beregnet;Husholdningsøkonomi;Privat konsum som andel av BNP Fastlands-Norge;Beregnet;NA;Privat_konsum og BNP_faste_priser;Prosent;Årlig;1975;2025;create_international_derived_variables;Beregnet som Privat_konsum / BNP_faste_priser * 100.;Internasjonal;rate
Offentlig_konsum_andel_BNP;Offentlig_konsum_andel_BNP;Beregnet;Offentlige finanser;Offentlig konsum som andel av BNP Fastlands-Norge;Beregnet;NA;Offentlig_konsum og BNP_faste_priser;Prosent;Årlig;1975;2025;create_international_derived_variables;Beregnet som Offentlig_konsum / BNP_faste_priser * 100.;Internasjonal;rate
Investeringsvekst;Investeringsvekst;Beregnet;Nasjonalregnskap;Erlig prosentvis vekst i bruttoinvesteringer i fast realkapital.;Beregnet;NA;Investeringer;Prosent;Årlig;1976;2025;create_international_derived_variables;Beregnet med growth_rate(Investeringer, Aar).;Internasjonal;rate
Investeringer_andel_BNP;Investeringer som andel av BNP;Beregnet;Nasjonalregnskap;Bruttoinvesteringer i fast realkapital som andel av BNP i faste priser.;Beregnet;NA;Investeringer og BNP_faste_priser;Prosent;Årlig;1975;2025;create_international_derived_variables;Beregnet som Investeringer / BNP_faste_priser * 100.;Internasjonal;rate
